trade_date,code,name
20260522,000012,南  玻Ａ
20260522,000060,中金岭南
20260522,000417,合百集团
20260522,000532,华金资本
20260522,000636,风华高科
20260522,000657,中钨高新
20260522,000997,新 大 陆
20260522,002931,锋龙股份
20260522,300174,元力股份
20260522,300907,康平科技
20260522,301588,美新科技
20260522,600611,大众交通
20260522,601208,东材科技
20260522,601992,金隅集团
20260522,603115,海星股份
20260522,603269,海鸥股份
20260522,603439,三力制药
20260522,603663,三祥新材
20260522,603989,艾华集团
20260522,688603,天承科技
20260525,000636,风华高科
20260525,002051,中工国际
20260525,002526,山东矿机
20260525,002976,瑞玛精密
20260525,600162,香江控股
20260525,600395,盘江股份
20260525,600578,京能电力
20260525,600637,东方明珠
20260525,600851,海欣股份
20260525,600863,华能蒙电
20260525,601608,中信重工
20260525,601666,平煤股份
20260525,603663,三祥新材
20260525,603871,嘉友国际
20260525,605198,安德利
20260525,605566,福莱蒽特
20260525,688001,华兴源创
20260526,001331,胜通能源
20260526,001376,百通能源
20260526,002181,粤 传 媒
20260526,002896,中大力德
20260526,600021,上海电力
20260526,600162,香江控股
20260526,600635,大众公用
20260526,601600,中国铝业
20260526,601958,金钼股份
20260526,603685,晨丰科技
20260527,000539,粤电力Ａ
20260527,000937,冀中能源
20260527,002881,美格智能
20260527,002971,和远气体
20260527,600779,水井坊
20260527,600863,华能蒙电
20260527,603115,海星股份
20260527,603538,美诺华
20260527,603663,三祥新材
20260527,603989,艾华集团
20260528,000063,中兴通讯
20260528,000090,天健集团
20260528,000530,冰山冷热
20260528,000539,粤电力Ａ
20260528,000628,高新发展
20260528,000636,风华高科
20260528,002203,海亮股份
20260528,003018,金富科技
20260528,300964,本川智能
20260528,301205,联特科技
20260528,600162,香江控股
20260528,600459,贵研铂业
20260528,600527,江南高纤
20260528,601958,金钼股份
20260528,603861,白云电器
20260528,603977,国泰集团
20260528,603989,艾华集团
20260529,000025,特  力Ａ
20260529,000090,天健集团
20260529,000539,粤电力Ａ
20260529,000799,酒鬼酒
20260529,002608,江苏国信
20260529,300486,东杰智能
20260529,600011,华能国际
20260529,600162,香江控股
20260529,600488,津药药业
20260529,600693,东百集团
20260529,600863,华能蒙电
20260529,603060,国检集团
20260529,603439,三力制药
20260601,000539,粤电力Ａ
20260601,002181,粤 传 媒
20260601,002608,江苏国信
20260601,002637,赞宇科技
20260601,002700,万憬能源
20260601,600011,华能国际
20260601,600188,兖矿能源
20260601,600546,山煤国际
20260601,600727,鲁北化工
20260601,600737,中粮糖业
20260601,600797,浙大网新
20260601,600798,宁波海运
20260601,600981,苏豪汇鸿
20260601,601001,晋控煤业
20260601,601699,潞安环能
20260601,601918,新集能源
20260601,603161,科华控股
20260601,603725,天安新材
20260601,603808,歌力思
20260601,605566,福莱蒽特
20260602,002896,中大力德
20260602,300486,东杰智能
20260602,600162,香江控股
20260602,600345,长江通信
20260602,600362,江西铜业
20260602,600459,贵研铂业
20260602,600487,亨通光电
20260602,600667,太极实业
20260602,603311,金海高科
20260603,002132,恒星科技
20260603,301366,一博科技
20260603,600487,亨通光电
20260603,600505,西昌电力
20260603,600578,京能电力
20260603,600679,上海凤凰
20260603,601128,常熟银行
20260603,601208,东材科技
20260603,603311,金海高科
20260603,603663,三祥新材
20260603,605018,长华集团
20260603,605162,新中港
20260603,688268,华特气体
20260604,000733,振华科技
20260604,001376,百通能源
20260604,002051,中工国际
20260604,002395,双象股份
20260604,002931,锋龙股份
20260604,002971,和远气体
20260604,003011,海象新材
20260604,301023,奕帆传动
20260604,600482,中国动力
20260604,600667,太极实业
20260604,601666,平煤股份
20260604,603067,振华股份
20260604,603989,艾华集团
20260604,605060,联德股份
20260604,605162,新中港
20260604,605358,立昂微
20260604,688378,奥来德
20260605,001256,炜冈科技
20260605,002877,智能自控
20260605,002896,中大力德
20260605,002983,芯瑞达
20260605,600516,方大炭素
20260605,600776,东方通信
20260605,600819,耀皮玻璃
20260605,603020,爱普股份
20260605,603725,天安新材
20260605,603888,新华网
20260605,688017,绿的谐波
20260608,002931,锋龙股份
20260608,600488,津药药业
20260608,600505,西昌电力
20260609,000636,风华高科
20260609,000811,冰轮环境
20260609,002051,中工国际
20260609,002971,和远气体
20260609,002976,瑞玛精密
20260609,003018,金富科技
20260609,300221,银禧科技
20260609,300260,新莱应材
20260609,600345,长江通信
20260609,600458,时代新材
20260609,600487,亨通光电
20260609,600522,中天科技
20260609,600611,大众交通
20260609,601208,东材科技
20260609,603020,爱普股份
20260609,603150,万朗磁塑
20260609,603211,晋拓股份
20260609,603663,三祥新材
20260609,605018,长华集团
20260609,605358,立昂微
20260610,000025,特  力Ａ
20260610,002971,和远气体
20260610,600088,中视传媒
20260610,600178,东安动力
20260610,600573,惠泉啤酒
20260610,600981,苏豪汇鸿
20260610,603155,新亚强
20260610,603220,中贝通信
20260610,603375,盛景微
20260610,688456,有研粉材
20260611,000921,海信家电
20260611,001268,联合精密
20260611,002203,海亮股份
20260611,002378,章源钨业
20260611,002654,万润科技
20260611,002971,和远气体
20260611,600178,东安动力
20260611,600459,贵研铂业
20260611,600667,太极实业
20260611,601958,金钼股份
20260611,603155,新亚强
20260611,603315,福鞍股份
20260611,688268,华特气体
20260612,000737,北方铜业
20260612,000758,中色股份
20260612,002083,孚日股份
20260612,002088,鲁阳节能
20260612,002203,海亮股份
20260612,002637,赞宇科技
20260612,002971,和远气体
20260612,002976,瑞玛精密
20260612,301323,新莱福
20260612,600531,豫光金铅
20260612,600906,财达证券
20260612,601233,桐昆股份
20260612,601958,金钼股份
20260612,603020,爱普股份
20260612,603180,金牌家居
20260612,603225,新凤鸣
20260612,603519,立霸股份
20260612,605198,安德利
20260615,000411,英特集团
20260615,000636,风华高科
20260615,000657,中钨高新
20260615,000733,振华科技
20260615,000777,中核科技
20260615,000811,冰轮环境
20260615,001256,炜冈科技
20260615,002040,南 京 港
20260615,002051,中工国际
20260615,002301,齐心集团
20260615,002849,威星智能
20260615,300548,长芯博创
20260615,300570,太辰光
20260615,301196,唯科科技
20260615,301387,光大同创
20260615,600026,中远海能
20260615,600362,江西铜业
20260615,600460,士兰微
20260615,600578,京能电力
20260615,601133,柏诚股份
20260615,601179,中国西电
20260615,601872,招商轮船
20260615,601958,金钼股份
20260615,603093,南华期货
20260615,603115,海星股份
20260615,603629,利通电子
20260615,603681,永冠新材
20260615,603979,金诚信
20260615,605058,澳弘电子
20260615,605198,安德利
20260615,688090,瑞松科技
20260615,688603,天承科技
20260615,688757,胜科纳米
20260616,000012,南  玻Ａ
20260616,000541,佛山照明
20260616,000777,中核科技
20260616,002303,美盈森
20260616,002346,柘中股份
20260616,002700,万憬能源
20260616,002931,锋龙股份
20260616,300964,本川智能
20260616,301055,张小泉
20260616,301099,雅创电子
20260616,600392,盛和资源
20260616,600458,时代新材
20260616,601020,华钰矿业
20260616,601179,中国西电
20260616,601208,东材科技
20260616,603115,海星股份
20260616,603663,三祥新材
20260616,603861,白云电器
20260616,603989,艾华集团
20260616,605166,聚合顺
20260616,605198,安德利
20260617,000777,中核科技
20260617,000811,冰轮环境
20260617,001282,三联锻造
20260617,001339,智微智能
20260617,002161,远 望 谷
20260617,300584,海辰药业
20260617,301366,一博科技
20260617,600026,中远海能
20260617,600707,彩虹股份
20260617,601117,中国化学
20260617,603020,爱普股份
20260617,603115,海星股份
20260617,603285,键邦股份
20260617,603637,镇海股份
20260617,603989,艾华集团
20260617,688082,盛美上海
20260617,688333,铂力特
20260618,000657,中钨高新
20260618,000811,冰轮环境
20260618,001296,长江材料
20260618,001339,智微智能
20260618,002203,海亮股份
20260618,002392,北京利尔
20260618,002950,奥美医疗
20260618,002971,和远气体
20260618,300861,美畅股份
20260618,600362,江西铜业
20260618,600392,盛和资源
20260618,600667,太极实业
20260618,600835,上海机电
20260618,600851,海欣股份
20260618,603082,北自科技
20260618,603127,昭衍新药
20260618,603201,常润股份
20260618,603211,晋拓股份
20260618,603358,华达科技
20260618,603663,三祥新材
20260618,603989,艾华集团
20260618,605086,龙高股份
20260618,688333,铂力特
20260622,000012,南  玻Ａ
20260622,000060,中金岭南
20260622,000519,中兵红箭
20260622,000657,中钨高新
20260622,000682,东方电子
20260622,000776,广发证券
20260622,000811,冰轮环境
20260622,000987,越秀资本
20260622,001296,长江材料
20260622,002346,柘中股份
20260622,301356,天振股份
20260622,600162,香江控股
20260622,600178,东安动力
20260622,600345,长江通信
20260622,600352,浙江龙盛
20260622,600531,豫光金铅
20260622,600851,海欣股份
20260622,601020,华钰矿业
20260622,601108,财通证券
20260622,601179,中国西电
20260622,601233,桐昆股份
20260622,601336,新华保险
20260622,601872,招商轮船
20260622,601958,金钼股份
20260622,603067,振华股份
20260622,603082,北自科技
20260622,603629,利通电子
20260622,603663,三祥新材
20260622,603989,艾华集团
20260622,688367,工大高科
20260623,000551,创元科技
20260623,000756,新华制药
20260623,002038,双鹭药业
20260623,002976,瑞玛精密
20260623,600488,津药药业
20260623,600707,彩虹股份
20260623,600851,海欣股份
20260623,603725,天安新材
20260624,000925,众合科技
20260624,000967,盈峰环境
20260624,001339,智微智能
20260624,002025,航天电器
20260624,002051,中工国际
20260624,002192,融捷股份
20260624,002821,凯莱英
20260624,003018,金富科技
20260624,301132,满坤科技
20260624,301366,一博科技
20260624,600026,中远海能
20260624,600667,太极实业
20260624,600909,华安证券
20260624,601133,柏诚股份
20260624,601872,招商轮船
20260624,603989,艾华集团
20260624,688593,新相微
20260625,000636,风华高科
20260625,002025,航天电器
20260625,002654,万润科技
20260625,600458,时代新材
20260625,600522,中天科技
20260625,600667,太极实业
20260625,600668,尖峰集团
20260625,603067,振华股份
20260625,603115,海星股份
20260625,603733,仙鹤股份
20260625,603989,艾华集团
20260626,001389,广合科技
20260626,601133,柏诚股份
20260626,603155,新亚强
20260626,603861,白云电器
20260626,603977,国泰集团
20260629,000551,创元科技
20260629,000756,新华制药
20260629,000777,中核科技
20260629,000959,首钢股份
20260629,001301,尚太科技
20260629,002038,双鹭药业
20260629,600468,百利电气
20260629,600488,津药药业
20260629,601133,柏诚股份
20260629,601611,中国核建
20260629,603155,新亚强
20260629,603477,巨星农牧
20260629,603983,丸美生物
20260629,605060,联德股份
20260630,000012,南  玻Ａ
20260630,000967,盈峰环境
20260630,002009,天奇股份
20260630,002202,金风科技
20260630,002472,双环传动
20260630,002654,万润科技
20260630,002849,威星智能
20260630,002929,润建股份
20260630,002931,锋龙股份
20260630,300873,海晨股份
20260630,300980,祥源新材
20260630,600737,中粮糖业
20260630,600819,耀皮玻璃
20260630,603067,振华股份
20260630,603211,晋拓股份
20260630,603662,柯力传感
20260630,603983,丸美生物
20260630,688286,敏芯股份
20260701,000925,众合科技
20260701,002161,远 望 谷
20260701,002423,中粮资本
20260701,002698,博实股份
20260701,002881,美格智能
20260701,002929,润建股份
20260701,002971,和远气体
20260701,300487,蓝晓科技
20260701,600784,鲁银投资
20260701,600909,华安证券
20260701,603325,博隆技术
20260701,603505,金石资源
20260701,603538,美诺华
20260701,603725,天安新材
20260702,002029,七 匹 狼
20260702,002250,联化科技
20260702,002392,北京利尔
20260702,002931,锋龙股份
20260702,002971,和远气体
20260702,002979,雷赛智能
20260702,002998,优彩资源
20260702,300740,水羊股份
20260702,301019,宁波色母
20260702,600490,鹏欣资源
20260702,600630,龙头股份
20260702,603416,信捷电气
20260702,603505,金石资源
20260702,603538,美诺华
20260702,603580,艾艾精工
20260702,603926,铁流股份
20260703,001268,联合精密
20260703,002472,双环传动
20260703,002700,万憬能源
20260703,002767,先锋电子
20260703,002896,中大力德
20260703,002979,雷赛智能
20260703,300129,泰胜风能
20260703,601100,恒立液压
20260703,603211,晋拓股份
20260703,603580,艾艾精工
20260703,605068,明新旭腾
20260706,002025,航天电器
20260706,002767,先锋电子
20260706,603067,振华股份
20260706,603155,新亚强
20260706,603211,晋拓股份
20260706,603375,盛景微
20260706,603861,白云电器
20260706,688206,概伦电子
20260707,603861,白云电器
20260708,600488,津药药业
20260708,600602,云赛智联
20260708,603285,键邦股份
20260708,603339,四方科技
20260709,000417,合百集团
20260709,003018,金富科技
20260709,600909,华安证券
20260709,603898,好莱客
20260709,605358,立昂微
20260709,688584,上海合晶
20260710,002038,双鹭药业
20260710,002202,金风科技
20260710,600410,华胜天成
20260710,600428,中远海特
20260710,600685,中船防务
20260710,601608,中信重工
20260710,601858,中国科传
20260710,603155,新亚强
20260710,603211,晋拓股份
20260710,603898,好莱客
20260713,001388,信通电子
20260713,601608,中信重工
20260714,000554,泰山石油
20260714,001388,信通电子
20260714,603580,艾艾精工
20260715,000596,古井贡酒
20260715,001388,信通电子
20260715,600162,香江控股
20260715,603580,艾艾精工
20260716,002881,美格智能
20260716,600162,香江控股
20260716,600436,片仔癀
20260716,600602,云赛智联
20260716,603580,艾艾精工
20260717,603580,艾艾精工
20260720,000539,粤电力Ａ
20260720,600188,兖矿能源
20260720,600863,华能蒙电
20260720,601001,晋控煤业
20260721,603311,金海高科
20260722,603580,艾艾精工
20260722,603893,瑞芯微
20260723,603861,白云电器
20260724,603580,艾艾精工
20260727,002029,七 匹 狼
20260728,603580,艾艾精工
20260729,603580,艾艾精工
20260804,603580,艾艾精工
20260810,603580,艾艾精工
